"target_hostname.keyword: Descending",Count,"Last url"
"cdn.aboutyou.de","1,224,985","https://cdn.aboutyou.de/file/images/58ce761e1a04b34b6859be53ef7881d4?width=2000&height=2000"
"image.homes.jp","771,811","https://image.homes.jp/smallimg/image.php?file=http%3A%2F%2Fimg.homes.jp%2F184a88san0our9t.jpg&width=500&height=500"
"images.deliveryhero.io","220,044","https://images.deliveryhero.io/image/talabat/restaurants/20200816_Talabat_UAE_637504229588189802.png?width=600&height=300&69"
"gph.df-m.jp","48,373","https://gph.df-m.jp/badge?image_url=https%3A%2F%2Fitem-shopping.c.yimg.jp%2Fi%2Fl%2Fprimewatch_co14503450&text=10%25OFF&position=top_right&badge_type=rect1&color=%23FF0027&max_percentage=35&width=300&height=300#20210518"
"lookbook.otrium.com","33,654","https://lookbook.otrium.com/cdn-cgi/image/width=600,height=900,quality=100,fit=cover/wp-content/uploads/2018/09/18010401-02-9208.jpg"
"rs-menus-api.roocdn.com","24,119","https://rs-menus-api.roocdn.com/images/8b6dc2a9-9265-4030-acfb-ddcfb4c9d867/image.jpeg?width=1200&height=630&auto=webp&format=jpg&fit=crop"
"content.tui.co.uk","19,556","https://content.tui.co.uk/adamtui/2018_5/18_10/7404a2b7-349a-4acf-abbd-a8e400b39957/ACC_975627_CRE_12_CGIWebOriginalCompressed.jpg?i10c=img.resize(width:1080);img.crop(width:1080%2Cheight:608)"
"sundio-media.azureedge.net","13,101","https://sundio-media.azureedge.net/products/Images/Original/36500000/29000/36529388-Original.jpg?width=640&height=640&mode=crop"
"cdn.content.tuigroup.com","7,502","http://cdn.content.tuigroup.com/adamtui/2016_9/24_4/19bcef04-cfbd-4a46-8df9-a68b00428942/CBL_BEN_2784WebOriginalCompressed.jpg?i10c=img.resize(width:1080)"
"cdn.imagin.studio","5,850","https://cdn.imagin.studio/getAdvertisementImage?make=mini&modelFamily=countryman&modelRange=1-5-cooper-opf&modelVariant=suv&bodySize=5&transmission=manuelle&zoomType=relative&width=800&fileType=png&tailoring=leaseplan&customer=lpl&angle=01"
"f.roocdn.com","4,520","https://f.roocdn.com/images/menus/81112/header-image.jpg?width=1200&height=630&auto=webp&format=jpg&fit=crop"
"happyangler.cdn.storm.io","2,814","https://happyangler.cdn.storm.io/29903b7a-6398-4a3f-be4b-156cfa81d3b4?width=1080&height=1080&cb=2"
"va.carnext.com","2,066","https://va.carnext.com/VF3MCBHZHHS218155/gallery/width/960/HA_VF3MCBHZHHS218155_86-TJ-42_02.jpg"
"cdn.tlc-massive.com","1,341","https://cdn.tlc-massive.com/shain/v1/dataservice/ResizeImage/$value?Format=%27jpg%27&Quality=85&ImageId=%27227436.jpg%27&ImageUrl=%27227436.jpg%27&EntityType=%27Item%27&EntityId=%2721999%27&Width=720&Height=1080&device=web_browser&subscriptions=Subscriber&segmentationTags=GloboTvodMvp%2Cglobo%2Cglobotvodmvp"
"asset.vic.no",770,"https://asset.vic.no/49648b/globalassets/importedresources/c/image/calanthe-skjort_em6_solid-4_calanthe-skjort-em6.jpg?width=750&height=1000&quality=70&h=5aa43e6cf572fc460586f284d3d12732aa354911"
"webcdn.justbrands.nl",699,"https://webcdn.justbrands.nl/resize?url=https://www.justbrands.nl/media/catalog/product/upload/VSIS212226-5300~modelfront.jpg&width=1600"
"www.fjallraven.com",325,"https://www.fjallraven.com/globalassets/catalogs/fjallraven/f8/f817/f81783/f325/crowley_pique_shirt_81783-325_a_main_fjr.jpg?market=us&width=680&height=680&mode=BoxPad&bgcolor=fff&quality=80"
"asset.jeanpaul.no",244,"https://asset.jeanpaul.no/49b2ac/globalassets/importedresources/7/image/7242948_em6-jeanpaulfemme-h20-modell-front_65672_fleurine-bluse-em6.jpg?width=750&height=1000&quality=70&h=5aa43e6cf572fc460586f284d3d12732aa354911"
"cdn.telecineplay.com.br",164,"https://cdn.telecineplay.com.br/isl/api/v1/dataservice/ResizeImage/$value?Format=%27jpg%27&Quality=85&ImageId=%27140946%27&EntityType=%27Item%27&EntityId=%273707%27&Width=1080&Height=1600&device=web_browser&subscriptions=Anonymous"
"webcdn.pme-legend.com",101,"https://webcdn.pme-legend.com/resize?url=https://www.pme-legend.com/media/catalog/product/upload/PPSS214871-6315~modelfront.jpg&width=1600"
"images.tbr.mindbus.nl",90,"https://images.tbr.mindbus.nl/libris/book/cover/9789461432551?hash=4caa7d6&width=230"
"ak1.ostkcdn.com",89,"https://ak1.ostkcdn.com/images/products/is/images/direct/e61f8062432b4ddef76b83ff7e6d60ba36474193/Aspen-Creative-Small-Hardback-Empire-Shape-Chandelier-Clip-On-Lamp-Shade-Set-%285-Pack%29%2C-Natural%2C-6%22-bottom-width-%283%22-x-6%22-x-5%22%29.jpg"
"media.greatplains.co.uk",70,"https://media.greatplains.co.uk/ms/gp/j1qce-womens-fu-chambraycombo-jungle-cat-midi-dress.jpg?404=gp/j1qce.jpg&width=1024&height=1536"
"asset.matchfashion.no",53,"https://asset.matchfashion.no/4ad85d/globalassets/importedresources/7/image/7242011_emb-mcdonna-s20-front_57205_miranda-cardigan-emb.jpg?width=750&height=1000&quality=70&h=5aa43e6cf572fc460586f284d3d12732aa354911"
"image.darty.com",43,"https://image.darty.com/darty?type=image&source=/market/2021/03/12/mkp_kJv3wP7Vp7V6Lw.jpeg&width=345&height=230&quality=95"
"i-viaplay-com.akamaized.net",35,"https://i-viaplay-com.akamaized.net/viaplay-prod/191/308/1471005938-1fd0f770f7e8646a19a4447d092d404a60d7ceec.jpg?width=1200&height=628"
"media.mdm.mobilcom-debitel.de",32,"https://media.mdm.mobilcom-debitel.de/cdn?name=tigerbox-touch-gruen-vorderseite&version=e133a6844140d08818d1d85e339be7d5e7a0a2cf&subType=png&width=750&height=1000"
"webcdn.vanguard-clothing.com",25,"https://webcdn.vanguard-clothing.com/resize?url=https://www.vanguard-clothing.com/media/catalog/product/upload/VTR515-NBE~front.png&width=1600"
"d1ralsognjng37.cloudfront.net",22,"https://d1ralsognjng37.cloudfront.net/resize=width:1000,height:800,fit:crop/1804085a-f4c8-45da-a35b-832d10690ce3.jpeg"
"media.metro.sg",21,"https://media.metro.sg/ProductImagesPV/89cb690d-72db-4af5-8e64-9b08b436a37c/1/std/birkenstock-gizeh-eva-womens-regular-width-sandals-rose.jpg"
"webcdn.castiron-clothing.com",16,"https://webcdn.castiron-clothing.com/resize?url=https://www.castiron-clothing.com/media/catalog/product/upload/CPSS214878-1057~modelfront.jpg&width=1600"
"boliaimages.azureedge.net",15,"https://boliaimages.azureedge.net/images/products/03-111-05_6431561.webp?format=png&width=4000&height=4000&mode=max&cachebusting=2"
"th-live.slatic.net",15,"https://th-live.slatic.net/p/8/u7-men39s-snake-chain-necklace-18k-gold-platedplatinum-plated-jewelry-8-sizes-6mm-width-goldsilverblackrose-gold-intl-2718-06995288-1e6fa44d2cda184076ba44ecdf2ac972.jpg"
"cdn.filestackcontent.com",14,"https://cdn.filestackcontent.com/resize=width:1000,height:800,fit:crop/gd10fiqtRuen41wsSO7s"
"www.elbaphilippines.com",14,"http://www.elbaphilippines.com/uploads/2/5/4/5/25452460/s890840106105347462_p256_i7_w2126.jpeg?width=640"
"www.elizawashere.nl",12,"https://www.elizawashere.nl/utilpages/getimage.ashx?width=264&height=176&file=Images/Web1/36300000/48000/36348294-Web1.jpg"
"my-live-02.slatic.net",11,"https://my-live-02.slatic.net/p/7/lady-diamond-belt-decoration-fashion-belt-full-width-all-matchfemale-belt-1907-44719454-d7d2c6bb04d1fd4055aeb12e1acc3c6d.jpg"
"ph-live.slatic.net",11,"https://ph-live.slatic.net/p/5/width-25cm-lady-long-curl-wavy-clip-on-hair-extension-light-brown-6253-9810706-9cd7a98f056549f4584698b53cc622b6.jpg"
"img1.theiconic.com.au",10,"https://img1.theiconic.com.au/VBWNjZ6YPThQAyB7r4qkzGf0ueU=/fit-in/314x393/filters:fill(ffffff):quality(90):format(jpeg)/http%3A%2F%2Fstatic.theiconic.com.au%2Fp%2FApex---C-Width-2115221-6.jpg"
"n1.sdlcdn.com",10,"https://n1.sdlcdn.com/imgs/h/p/s/Flamingo-Abdominal-Belt-20cm-width-SDL587888300-1-0f659.jpg"
"api-lwnl.learnworlds.com",9,"https://api-lwnl.learnworlds.com/imagefile/https://learnworlds.blob.core.windows.net/artnight-public/d3c47b10e2e45ad36ab03efef74ae330.jpeg?client_id=5e752fac773c8ad545f50cf1&width=400&height=0"
"id-live.slatic.net",8,"https://id-live.slatic.net/p/8/u7-men39s-snake-chain-necklace-bracelet-set-18k-gold-platedplatinum-plated-jewelry-set-8-sizes-6mm-width-goldsilverblackrose-gold-intl-0037-52632997-1abf26f0cf4a2fade4a6fe0eb4f3f0d1.jpg"
"asset.boysofeurope.no",7,"https://asset.boysofeurope.no/4a22a9/globalassets/importedresources/7/image/7239498_emw-henrychoice-a19-modell-front_55678.jpg?width=750&height=1000&quality=70&h=5aa43e6cf572fc460586f284d3d12732aa354911"
"rs-menus.roocdn.com",5,"https://rs-menus.roocdn.com/menu_image/2131a422-f182-4745-a88b-41427ec86d19/image.jpg?width=1200&height=630&auto=webp&format=jpg&fit=crop"
"www.lego.com",5,"https://www.lego.com/cdn/cs/set/assets/bltb6a32e40006a05ea/10292.jpg?format=jpg&fit=bounds&width=1500&height=1500&quality=80"
"ae01.alicdn.com",4,"https://ae01.alicdn.com/kf/H6163284d50254e5e87f051a8154b25d0j/YEAHRUN-2Pcs-Metal-Front-Wheel-Hub-Rims-with-28mm-Width-Black-Rubber-Tires-for-1-14.jpg_.webp"
"image.katsomo.fi",4,"https://image.katsomo.fi/api/v2/img/5e97fcb1e4b0645cc2f2d54a-1621437016219?location=logoWhiteLocal&width=1280"
"item-shopping.c.yimg.jp",4,"https://item-shopping.c.yimg.jp/i/l/gallerymc_mf-width#20210519"
"sg-live.slatic.net",4,"https://sg-live.slatic.net/p/7/50-pcs-13-5mm-inner-width-metal-d-shaped-ring-bag-handbag-purse-belt-buckle-ring-loop-for-bag-strap-gold-intl-2079-11116161-cb1a61ce5d82fc1fddbb2c9c81c6dbf5.jpg"
"ski.sunweb.be",4,"https://ski.sunweb.be/utilpages/getimage.ashx?width=264&height=176&file=Images/Web1/9800000/45000/9845733-Web1.jpg"
